cohort,cohort_size,0,1,2,3,4,5,6,7,8,9,10
2011-01,417.0,100.0,22.1,26.6,23.0,32.1,28.8,24.7,24.2,30.0,32.6,36.5
2011-02,380.0,100.0,18.7,18.7,28.4,27.1,24.7,25.3,27.9,24.7,30.5,
2011-03,452.0,100.0,15.0,25.2,19.9,22.3,16.8,26.8,23.0,27.9,,
2011-04,300.0,100.0,21.3,20.3,21.0,19.7,22.7,21.7,26.0,,,
2011-05,284.0,100.0,19.0,17.3,17.3,20.8,23.2,26.4,,,,
2011-06,242.0,100.0,17.4,15.7,26.4,23.1,33.5,,,,,
2011-07,188.0,100.0,18.1,20.7,22.3,27.1,,,,,,
2011-08,169.0,100.0,20.7,24.9,24.3,,,,,,,
2011-09,299.0,100.0,23.4,30.1,,,,,,,,
2011-10,358.0,100.0,24.0,,,,,,,,,
2011-11,323.0,100.0,,,,,,,,,,
